pid,swipeTyping_usage
2,0.14285714285714285
12,0.5714285714285714
16,0.7218045112781954
19,0.706766917293233
