pid,swipeTyping_usage
0,0.7518796992481203
28,0.7293233082706767
29,0.6616541353383458
