pid,swipeTyping_usage
2,0.14285714285714285
3,0.41353383458646614
4,0.5939849624060151
5,0.5488721804511278
6,0.5413533834586466
8,0.22556390977443608
9,0.6842105263157895
11,0.631578947368421
12,0.5714285714285714
13,0.6691729323308271
15,0.45864661654135336
16,0.7218045112781954
18,0.7518796992481203
19,0.706766917293233
20,0.7142857142857143
23,0.5789473684210527
